{
  "tickets": {
    "888641236372697108": {
      "total": 4,
      "chatRewards": 1,
      "cooldowns": {},
      "lastEarn": 1753299418607,
      "spentTickets": {
        "raffle_mdceppem_dzqjq1": 3
      }
    },
    "1293548330319872056": {
      "total": 555,
      "chatRewards": 610,
      "cooldowns": {},
      "lastEarn": 1753282967112,
      "spentTickets": {
        "raffle_mdgd66ku_2xauma": 21,
        "raffle_mdggmh5g_4n59rh": 69,
        "raffle_mdhz2ykr_u8aqba": 91,
        "raffle_mdceppem_dzqjq1": 58,
        "raffle_mdgdus7r_3iv5hb": 4
      },
      "adminAwarded": 40
    },
    "1346748860331982923": {
      "total": 128,
      "chatRewards": 16,
      "cooldowns": {},
      "lastEarn": 1753752655020,
      "spentTickets": {
        "raffle_mdgd66ku_2xauma": 1,
        "raffle_mdggmh5g_4n59rh": 100,
        "raffle_mdhz2ykr_u8aqba": 26,
        "raffle_mdceppem_dzqjq1": 54,
        "raffle_mdgdus7r_3iv5hb": 1
      },
      "adminAwarded": 75
    },
    "827362353321476116": {
      "total": 14,
      "chatRewards": 15,
      "cooldowns": {},
      "lastEarn": 0,
      "spentTickets": {
        "raffle_mdggmh5g_4n59rh": 3,
        "raffle_mdhz2ykr_u8aqba": 2,
        "raffle_mdceppem_dzqjq1": 3
      }
    },
    "1330056553893593109": {
      "total": 191,
      "chatRewards": 237,
      "cooldowns": {},
      "lastEarn": 1753566148934,
      "spentTickets": {
        "raffle_mdceppem_dzqjq1": 5,
        "raffle_mdggmh5g_4n59rh": 100,
        "raffle_mdhz2ykr_u8aqba": 88
      },
      "adminAwarded": 50
    },
    "1340223540783484980": {
      "total": 1,
      "chatRewards": 0,
      "cooldowns": {},
      "lastEarn": 1753091535322,
      "spentTickets": {
        "raffle_mdceppem_dzqjq1": 1
      }
    },
    "1002604923919282228": {
      "total": 18,
      "chatRewards": 14,
      "cooldowns": {},
      "lastEarn": 1753555710632,
      "spentTickets": {
        "raffle_mdgd66ku_2xauma": 5,
        "raffle_mdggmh5g_4n59rh": 3,
        "raffle_mdceppem_dzqjq1": 3,
        "raffle_mdhz2ykr_u8aqba": 4
      }
    },
    "884186792197226546": {
      "total": 198,
      "chatRewards": 99,
      "cooldowns": {},
      "lastEarn": 1753436249480,
      "spentTickets": {
        "raffle_mdgd66ku_2xauma": 50,
        "raffle_mdggmh5g_4n59rh": 76,
        "raffle_mdhz2ykr_u8aqba": 50,
        "raffle_mdceppem_dzqjq1": 1
      },
      "adminAwarded": 175
    },
    "1056034634791665755": {
      "total": 8,
      "chatRewards": 9,
      "cooldowns": {},
      "lastEarn": 0,
      "spentTickets": {
        "raffle_mdggmh5g_4n59rh": 1
      }
    },
    "1390349702708461570": {
      "total": 27,
      "chatRewards": 27,
      "cooldowns": {},
      "lastEarn": 0
    },
    "1355689973294039152": {
      "total": 4,
      "chatRewards": 3,
      "cooldowns": {},
      "lastEarn": 1753422956085,
      "spentTickets": {
        "raffle_mdggmh5g_4n59rh": 1,
        "raffle_mdhz2ykr_u8aqba": 1,
        "raffle_mdceppem_dzqjq1": 1
      }
    },
    "1379851025024028803": {
      "total": 103,
      "chatRewards": 129,
      "cooldowns": {},
      "lastEarn": 1753088372928,
      "spentTickets": {
        "raffle_mdggmh5g_4n59rh": 26,
        "raffle_mdceppem_dzqjq1": 5
      }
    },
    "1039691336011501599": {
      "total": 428,
      "chatRewards": 453,
      "cooldowns": {},
      "lastEarn": 0,
      "adminAwarded": 75,
      "spentTickets": {
        "raffle_mdggmh5g_4n59rh": 50,
        "raffle_mdhz2ykr_u8aqba": 50
      }
    },
    "1352976666955223050": {
      "total": 4,
      "chatRewards": 4,
      "cooldowns": {},
      "lastEarn": 0
    },
    "1379120937126854678": {
      "total": 53,
      "chatRewards": 4,
      "cooldowns": {},
      "lastEarn": 0,
      "spentTickets": {
        "raffle_mdceppem_dzqjq1": 1
      },
      "adminAwarded": 50
    },
    "1292369329538465854": {
      "total": 16,
      "chatRewards": 16,
      "cooldowns": {},
      "lastEarn": 0
    },
    "1320792318961520640": {
      "total": 9,
      "chatRewards": 9,
      "cooldowns": {},
      "lastEarn": 0,
      "spentTickets": {
        "raffle_mdgd66ku_2xauma": 8,
        "raffle_mdhz2ykr_u8aqba": 1
      }
    },
    "1088562334492012606": {
      "total": 180,
      "chatRewards": 144,
      "cooldowns": {},
      "lastEarn": 1753299434095,
      "spentTickets": {
        "raffle_mdhz2ykr_u8aqba": 15,
        "raffle_mdceppem_dzqjq1": 1
      },
      "adminAwarded": 50
    },
    "1292106594213167187": {
      "total": 1,
      "chatRewards": 1,
      "cooldowns": {},
      "lastEarn": 0,
      "spentTickets": {
        "raffle_mdhz2ykr_u8aqba": 1
      }
    },
    "801758254581153843": {
      "total": 25,
      "chatRewards": 31,
      "cooldowns": {},
      "lastEarn": 0,
      "spentTickets": {
        "raffle_mdgd66ku_2xauma": 2,
        "raffle_mdggmh5g_4n59rh": 8,
        "raffle_mdhz2ykr_u8aqba": 1
      }
    },
    "1190111897324888075": {
      "total": 1,
      "chatRewards": 1,
      "cooldowns": {},
      "lastEarn": 0
    },
    "1311173168626532433": {
      "total": 3,
      "chatRewards": 1,
      "cooldowns": {},
      "lastEarn": 1753514253274,
      "spentTickets": {
        "raffle_mdggmh5g_4n59rh": 1
      }
    },
    "1110082477248225362": {
      "total": 329,
      "chatRewards": 170,
      "cooldowns": {},
      "lastEarn": 1753396875730,
      "adminAwarded": 275,
      "spentTickets": {
        "raffle_mdhz2ykr_u8aqba": 117
      }
    },
    "1209584724553637889": {
      "total": 194,
      "chatRewards": 195,
      "cooldowns": {},
      "lastEarn": 0,
      "spentTickets": {
        "raffle_mdhz2ykr_u8aqba": 1
      }
    },
    "1347979456915968051": {
      "total": 29,
      "chatRewards": 29,
      "cooldowns": {},
      "lastEarn": 0
    },
    "1193762345772650539": {
      "total": 2,
      "chatRewards": 2,
      "cooldowns": {},
      "lastEarn": 0,
      "spentTickets": {
        "raffle_mdhz2ykr_u8aqba": 2
      }
    },
    "1361919171340009492": {
      "total": 9,
      "chatRewards": 14,
      "cooldowns": {},
      "lastEarn": 0,
      "adminRemoved": 5,
      "spentTickets": {
        "raffle_mdhz2ykr_u8aqba": 2
      }
    },
    "984190588888961024": {
      "total": 61,
      "chatRewards": 40,
      "cooldowns": {},
      "lastEarn": 1753674590554,
      "adminRemoved": 5,
      "spentTickets": {
        "raffle_mdhz2ykr_u8aqba": 61
      },
      "adminAwarded": 25
    },
    "1297802994833690627": {
      "total": 1,
      "chatRewards": 0,
      "cooldowns": {},
      "lastEarn": 1753396763775
    },
    "1339954668318752900": {
      "total": 6,
      "chatRewards": 10,
      "cooldowns": {},
      "lastEarn": 0,
      "spentTickets": {
        "raffle_mdggmh5g_4n59rh": 1,
        "raffle_mdhz2ykr_u8aqba": 3
      }
    },
    "1130903956541952115": {
      "total": 2,
      "chatRewards": 2,
      "cooldowns": {},
      "lastEarn": 0
    },
    "809977998920253492": {
      "total": 1,
      "chatRewards": 0,
      "cooldowns": {},
      "lastEarn": 1753428254792,
      "spentTickets": {
        "raffle_mdhz2ykr_u8aqba": 1
      }
    },
    "1226932396700602388": {
      "total": 52,
      "chatRewards": 3,
      "cooldowns": {},
      "lastEarn": 0,
      "adminAwarded": 50,
      "spentTickets": {
        "raffle_mdhz2ykr_u8aqba": 52
      }
    },
    "1328316050239913984": {
      "total": 135,
      "chatRewards": 135,
      "cooldowns": {},
      "lastEarn": 0
    },
    "1321507641352257536": {
      "total": 4,
      "chatRewards": 4,
      "cooldowns": {},
      "lastEarn": 0
    },
    "1298797345974259725": {
      "total": 2,
      "chatRewards": 2,
      "cooldowns": {},
      "lastEarn": 0
    },
    "987842534401249371": {
      "total": 1,
      "chatRewards": 1,
      "cooldowns": {},
      "lastEarn": 0
    }
  },
  "raffles": {
    "raffle_mdceppem_dzqjq1": {
      "id": "raffle_mdceppem_dzqjq1",
      "guildId": "1390767263644385420",
      "channelId": "1390772891599110225",
      "messageId": "1396659981415219223",
      "creatorId": "1293548330319872056",
      "prize": "3Q Sheckles",
      "description": null,
      "image": null,
      "startTime": 1753060088,
      "endTime": 1753319288,
      "winners": 1,
      "participants": {
        "1293548330319872056": 58,
        "888641236372697108": 3,
        "1346748860331982923": 54,
        "827362353321476116": 3,
        "1330056553893593109": 5,
        "1340223540783484980": 1,
        "1002604923919282228": 3,
        "884186792197226546": 1,
        "1355689973294039152": 1,
        "1379851025024028803": 5,
        "1379120937126854678": 1,
        "1088562334492012606": 1
      },
      "isActive": false,
      "createdAt": "2025-07-21T01:08:08.543Z",
      "endedAt": "2025-07-24T01:08:08.806Z",
      "winners_selected": [
        {
          "userId": "1293548330319872056",
          "tickets": 58,
          "position": 1
        }
      ]
    },
    "raffle_mdgd66ku_2xauma": {
      "id": "raffle_mdgd66ku_2xauma",
      "guildId": "1390767263644385420",
      "channelId": "1397661671580893284",
      "messageId": "1397663570870669362",
      "creatorId": "1293548330319872056",
      "prize": "Random Titanic Pet",
      "description": null,
      "image": "https://cdn.aukro.cz/images/sk1739625765658/730x548/titanic-pet-pet-simulator-99-219655683.jpeg",
      "startTime": 1753299362,
      "endTime": 1769024162,
      "winners": 1,
      "participants": {
        "1002604923919282228": 5,
        "1293548330319872056": 21,
        "1320792318961520640": 8,
        "1346748860331982923": 1,
        "884186792197226546": 50,
        "801758254581153843": 2
      },
      "isActive": true,
      "createdAt": "2025-07-23T19:36:02.767Z"
    },
    "raffle_mdgdus7r_3iv5hb": {
      "id": "raffle_mdgdus7r_3iv5hb",
      "guildId": "1390767263644385420",
      "channelId": "1397667559645511906",
      "messageId": "1397668384677826610",
      "creatorId": "1293548330319872056",
      "prize": "Huge Pet",
      "description": null,
      "image": "https://i.ebayimg.com/images/g/vOUAAOSw8kFmelOA/s-l1200.jpg",
      "startTime": 1753300510,
      "endTime": 1753343710,
      "winners": 1,
      "participants": {
        "1293548330319872056": 4,
        "1346748860331982923": 1
      },
      "isActive": false,
      "createdAt": "2025-07-23T19:55:10.551Z",
      "endedAt": "2025-07-24T09:27:42.117Z",
      "winners_selected": [
        {
          "userId": "1293548330319872056",
          "tickets": 4,
          "position": 1
        }
      ]
    },
    "raffle_mdggmh5g_4n59rh": {
      "id": "raffle_mdggmh5g_4n59rh",
      "guildId": "1390767263644385420",
      "channelId": "1397661671580893284",
      "messageId": "1397687893824245981",
      "creatorId": "1293548330319872056",
      "prize": "Random Titanic Pet",
      "description": null,
      "image": "https://cdn.aukro.cz/images/sk1739625765658/730x548/titanic-pet-pet-simulator-99-219655683.jpeg",
      "startTime": 1753305161,
      "endTime": 1757193161,
      "winners": 1,
      "participants": {
        "1293548330319872056": 69,
        "1039691336011501599": 50,
        "884186792197226546": 76,
        "801758254581153843": 8,
        "1311173168626532433": 1,
        "1002604923919282228": 3,
        "1346748860331982923": 100,
        "1339954668318752900": 1,
        "1355689973294039152": 1,
        "1379851025024028803": 26,
        "827362353321476116": 3,
        "1056034634791665755": 1,
        "1330056553893593109": 100
      },
      "isActive": true,
      "createdAt": "2025-07-23T21:12:41.812Z"
    },
    "raffle_mdhyu9cg_y9kol5": {
      "id": "raffle_mdhyu9cg_y9kol5",
      "guildId": "1390767263644385420",
      "channelId": "1397667559645511906",
      "messageId": "1398069836785123510",
      "creatorId": "1293548330319872056",
      "prize": "Huge Pet",
      "description": null,
      "image": "https://fiverr-res.cloudinary.com/images/t_main1,q_auto,f_auto,q_auto,f_auto/gigs/355944195/original/1ebba5ef7c1bdc1051d93ec563ae8e30996c686e/give-random-huge-in-pet-simulator-99.jpg",
      "startTime": 1753396224,
      "endTime": 1753439424,
      "winners": 1,
      "participants": {},
      "isActive": false,
      "createdAt": "2025-07-24T22:30:24.208Z",
      "endedAt": "2025-07-25T15:36:51.333Z"
    },
    "raffle_mdhz2ykr_u8aqba": {
      "id": "raffle_mdhz2ykr_u8aqba",
      "guildId": "1390767263644385420",
      "channelId": "1397667559645511906",
      "messageId": "1398071539471225044",
      "creatorId": "1293548330319872056",
      "prize": "Kitsune",
      "description": null,
      "image": "https://i.ebayimg.com/images/g/dLEAAeSwPIRofEy3/s-l1200.jpg",
      "startTime": 1753396630,
      "endTime": 1755211030,
      "winners": 1,
      "participants": {
        "884186792197226546": 50,
        "1346748860331982923": 26,
        "984190588888961024": 61,
        "1110082477248225362": 117,
        "1361919171340009492": 2,
        "1293548330319872056": 91,
        "1339954668318752900": 3,
        "1209584724553637889": 1,
        "801758254581153843": 1,
        "1320792318961520640": 1,
        "1292106594213167187": 1,
        "1355689973294039152": 1,
        "809977998920253492": 1,
        "1193762345772650539": 2,
        "1088562334492012606": 15,
        "1226932396700602388": 52,
        "827362353321476116": 2,
        "1039691336011501599": 50,
        "1002604923919282228": 4,
        "1330056553893593109": 88
      },
      "isActive": true,
      "createdAt": "2025-07-24T22:37:10.155Z"
    }
  },
  "userStats": {
    "1293548330319872056": {
      "chatMessages": 610,
      "lastActivity": 1753752898530,
      "ticketsEarned": 610,
      "messageText": "What is it doing",
      "lastTicketTime": 1753752898530
    },
    "827362353321476116": {
      "chatMessages": 15,
      "lastActivity": 1753661098942,
      "ticketsEarned": 15,
      "messageText": "and give me giveaway and event ping",
      "lastTicketTime": 1753661098942
    },
    "1330056553893593109": {
      "chatMessages": 237,
      "lastActivity": 1753752853440,
      "ticketsEarned": 237,
      "messageText": "Dumbass",
      "lastTicketTime": 1753752853440
    },
    "1002604923919282228": {
      "chatMessages": 14,
      "lastActivity": 1753555732670,
      "ticketsEarned": 14,
      "messageText": "From the gw",
      "lastTicketTime": 1753555732670
    },
    "884186792197226546": {
      "chatMessages": 99,
      "lastActivity": 1753536002667,
      "ticketsEarned": 99,
      "messageText": "bitch ass nigga",
      "lastTicketTime": 1753536002667
    },
    "1056034634791665755": {
      "chatMessages": 9,
      "lastActivity": 1753556615054,
      "ticketsEarned": 9,
      "messageText": "Hey <@1039691336011501599> u online?",
      "lastTicketTime": 1753556615054
    },
    "1390349702708461570": {
      "chatMessages": 27,
      "lastActivity": 1753524062568,
      "ticketsEarned": 27,
      "messageText": "he swingin",
      "lastTicketTime": 1753524062568
    },
    "1355689973294039152": {
      "chatMessages": 3,
      "lastActivity": 1753449662375,
      "ticketsEarned": 3,
      "messageText": "probly",
      "lastTicketTime": 1753449662375
    },
    "1379851025024028803": {
      "chatMessages": 129,
      "lastActivity": 1753750886849,
      "ticketsEarned": 129,
      "messageText": "Gump wth",
      "lastTicketTime": 1753750886849
    },
    "1039691336011501599": {
      "chatMessages": 453,
      "lastActivity": 1753752888930,
      "ticketsEarned": 453,
      "messageText": "Gng this time out thingy is pissing me off",
      "lastTicketTime": 1753752888930
    },
    "1352976666955223050": {
      "chatMessages": 4,
      "lastActivity": 1753102075727,
      "ticketsEarned": 4,
      "messageText": "it says raffle",
      "lastTicketTime": 1753102075727
    },
    "1379120937126854678": {
      "chatMessages": 4,
      "lastActivity": 1753347899767,
      "ticketsEarned": 4,
      "messageText": "No from giveway",
      "lastTicketTime": 1753347899767
    },
    "1346748860331982923": {
      "chatMessages": 16,
      "lastActivity": 1753647911709,
      "ticketsEarned": 16,
      "messageText": "How do i have -1 tixket??",
      "lastTicketTime": 1753647911709
    },
    "1292369329538465854": {
      "chatMessages": 16,
      "lastActivity": 1753289071071,
      "ticketsEarned": 16,
      "messageText": "les goo",
      "lastTicketTime": 1753289071071
    },
    "1320792318961520640": {
      "chatMessages": 9,
      "lastActivity": 1753303577040,
      "ticketsEarned": 9,
      "messageText": "wut da",
      "lastTicketTime": 1753303577040
    },
    "1292106594213167187": {
      "chatMessages": 1,
      "lastActivity": 1753300029630,
      "ticketsEarned": 1,
      "messageText": "Ends in 6 months 🤣",
      "lastTicketTime": 1753300029630
    },
    "801758254581153843": {
      "chatMessages": 31,
      "lastActivity": 1753752879094,
      "ticketsEarned": 31,
      "messageText": "smh",
      "lastTicketTime": 1753752879094
    },
    "1190111897324888075": {
      "chatMessages": 1,
      "lastActivity": 1753301015023,
      "ticketsEarned": 1,
      "messageText": "test",
      "lastTicketTime": 1753301015023
    },
    "1110082477248225362": {
      "chatMessages": 170,
      "lastActivity": 1753750887227,
      "ticketsEarned": 170,
      "messageText": "nah",
      "lastTicketTime": 1753750887227
    },
    "1209584724553637889": {
      "chatMessages": 195,
      "lastActivity": 1753647984992,
      "ticketsEarned": 195,
      "messageText": "Bye",
      "lastTicketTime": 1753647984992
    },
    "1347979456915968051": {
      "chatMessages": 29,
      "lastActivity": 1753655854392,
      "ticketsEarned": 29,
      "messageText": "No problemo",
      "lastTicketTime": 1753655854392
    },
    "1193762345772650539": {
      "chatMessages": 2,
      "lastActivity": 1753347866920,
      "ticketsEarned": 2,
      "messageText": "<#1395589822197928078>",
      "lastTicketTime": 1753347866920
    },
    "1361919171340009492": {
      "chatMessages": 14,
      "lastActivity": 1753397962185,
      "ticketsEarned": 14,
      "messageText": "Alr",
      "lastTicketTime": 1753397962185
    },
    "984190588888961024": {
      "chatMessages": 40,
      "lastActivity": 1753541408244,
      "ticketsEarned": 40,
      "messageText": "whats the glitch?'",
      "lastTicketTime": 1753541408244
    },
    "888641236372697108": {
      "chatMessages": 1,
      "lastActivity": 1753397987586,
      "ticketsEarned": 1,
      "messageText": "ticket?",
      "lastTicketTime": 1753397987586
    },
    "1339954668318752900": {
      "chatMessages": 10,
      "lastActivity": 1753399740432,
      "ticketsEarned": 10,
      "messageText": "Should I?",
      "lastTicketTime": 1753399740432
    },
    "1130903956541952115": {
      "chatMessages": 2,
      "lastActivity": 1753411913210,
      "ticketsEarned": 2,
      "messageText": "what is this witchery!",
      "lastTicketTime": 1753411913210
    },
    "1088562334492012606": {
      "chatMessages": 144,
      "lastActivity": 1753752914762,
      "ticketsEarned": 144,
      "messageText": "Seconds",
      "lastTicketTime": 1753752914762
    },
    "1226932396700602388": {
      "chatMessages": 3,
      "lastActivity": 1753451822040,
      "ticketsEarned": 3,
      "messageText": "I'll do some invites",
      "lastTicketTime": 1753451822040
    },
    "1328316050239913984": {
      "chatMessages": 135,
      "lastActivity": 1753741595644,
      "ticketsEarned": 135,
      "messageText": "These fcking Americans logic doesn't work with me 😭",
      "lastTicketTime": 1753741595644
    },
    "1321507641352257536": {
      "chatMessages": 4,
      "lastActivity": 1753524687650,
      "ticketsEarned": 4,
      "messageText": "I’ve been summoned",
      "lastTicketTime": 1753524687650
    },
    "1298797345974259725": {
      "chatMessages": 2,
      "lastActivity": 1753636966530,
      "ticketsEarned": 2,
      "messageText": "https://tenor.com/view/hello-gif-13062150862685254762",
      "lastTicketTime": 1753636966530
    },
    "1311173168626532433": {
      "chatMessages": 1,
      "lastActivity": 1753661453884,
      "ticketsEarned": 1,
      "messageText": "Yes",
      "lastTicketTime": 1753661453884
    },
    "987842534401249371": {
      "chatMessages": 1,
      "lastActivity": 1753734640454,
      "ticketsEarned": 1,
      "messageText": "Wow",
      "lastTicketTime": 1753734640454
    }
  },
  "guildSettings": {},
  "lastSaved": "2025-07-29T01:35:15.003Z"
}